<?xml version="1.0" encoding="UTF-8"?>
<spirit:component xmlns:xilinx="http://www.xilinx.com" xmlns:spirit="http://www.spiritconsortium.org/XMLSchema/SPIRIT/1685-2009" xmlns:xsi="http://www.w3.org/2001/XMLSchema-instance">
  <spirit:vendor>xilinx.com</spirit:vendor>
  <spirit:library>user</spirit:library>
  <spirit:name>OV_CAM</spirit:name>
  <spirit:version>6.3</spirit:version>
  <spirit:busInterfaces>
    <spirit:busInterface>
      <spirit:name>reset</spirit:name>
      <spirit:busType spirit:vendor="xilinx.com" spirit:library="signal" spirit:name="reset" spirit:version="1.0"/>
      <spirit:abstractionType spirit:vendor="xilinx.com" spirit:library="signal" spirit:name="reset_rtl" spirit:version="1.0"/>
      <spirit:slave/>
      <spirit:portMaps>
        <spirit:portMap>
          <spirit:logicalPort>
            <spirit:name>RST</spirit:name>
          </spirit:logicalPort>
          <spirit:physicalPort>
            <spirit:name>reset</spirit:name>
          </spirit:physicalPort>
        </spirit:portMap>
      </spirit:portMaps>
    </spirit:busInterface>
    <spirit:busInterface>
      <spirit:name>clock</spirit:name>
      <spirit:busType spirit:vendor="xilinx.com" spirit:library="signal" spirit:name="clock" spirit:version="1.0"/>
      <spirit:abstractionType spirit:vendor="xilinx.com" spirit:library="signal" spirit:name="clock_rtl" spirit:version="1.0"/>
      <spirit:slave/>
      <spirit:portMaps>
        <spirit:portMap>
          <spirit:logicalPort>
            <spirit:name>CLK</spirit:name>
          </spirit:logicalPort>
          <spirit:physicalPort>
            <spirit:name>clock</spirit:name>
          </spirit:physicalPort>
        </spirit:portMap>
      </spirit:portMaps>
      <spirit:parameters>
        <spirit:parameter>
          <spirit:name>ASSOCIATED_RESET</spirit:name>
          <spirit:value spirit:id="BUSIFPARAM_VALUE.CLOCK.ASSOCIATED_RESET">reset</spirit:value>
        </spirit:parameter>
      </spirit:parameters>
    </spirit:busInterface>
    <spirit:busInterface>
      <spirit:name>sccb</spirit:name>
      <spirit:busType spirit:vendor="xilinx.com" spirit:library="interface" spirit:name="iic" spirit:version="1.0"/>
      <spirit:abstractionType spirit:vendor="xilinx.com" spirit:library="interface" spirit:name="iic_rtl" spirit:version="1.0"/>
      <spirit:master/>
      <spirit:portMaps>
        <spirit:portMap>
          <spirit:logicalPort>
            <spirit:name>SCL_T</spirit:name>
          </spirit:logicalPort>
          <spirit:physicalPort>
            <spirit:name>sccb_scl_t</spirit:name>
          </spirit:physicalPort>
        </spirit:portMap>
        <spirit:portMap>
          <spirit:logicalPort>
            <spirit:name>SDA_O</spirit:name>
          </spirit:logicalPort>
          <spirit:physicalPort>
            <spirit:name>sccb_sda_o</spirit:name>
          </spirit:physicalPort>
        </spirit:portMap>
        <spirit:portMap>
          <spirit:logicalPort>
            <spirit:name>SDA_I</spirit:name>
          </spirit:logicalPort>
          <spirit:physicalPort>
            <spirit:name>sccb_sda_i</spirit:name>
          </spirit:physicalPort>
        </spirit:portMap>
        <spirit:portMap>
          <spirit:logicalPort>
            <spirit:name>SDA_T</spirit:name>
          </spirit:logicalPort>
          <spirit:physicalPort>
            <spirit:name>sccb_sda_t</spirit:name>
          </spirit:physicalPort>
        </spirit:portMap>
        <spirit:portMap>
          <spirit:logicalPort>
            <spirit:name>SCL_O</spirit:name>
          </spirit:logicalPort>
          <spirit:physicalPort>
            <spirit:name>sccb_scl_o</spirit:name>
          </spirit:physicalPort>
        </spirit:portMap>
        <spirit:portMap>
          <spirit:logicalPort>
            <spirit:name>SCL_I</spirit:name>
          </spirit:logicalPort>
          <spirit:physicalPort>
            <spirit:name>sccb_scl_i</spirit:name>
          </spirit:physicalPort>
        </spirit:portMap>
      </spirit:portMaps>
    </spirit:busInterface>
  </spirit:busInterfaces>
  <spirit:model>
    <spirit:views>
      <spirit:view>
        <spirit:name>xilinx_anylanguagesynthesis</spirit:name>
        <spirit:displayName>Synthesis</spirit:displayName>
        <spirit:envIdentifier>:vivado.xilinx.com:synthesis</spirit:envIdentifier>
        <spirit:language>Verilog</spirit:language>
        <spirit:modelName>OV_CAM</spirit:modelName>
        <spirit:fileSetRef>
          <spirit:localName>xilinx_anylanguagesynthesis_view_fileset</spirit:localName>
        </spirit:fileSetRef>
        <spirit:parameters>
          <spirit:parameter>
            <spirit:name>viewChecksum</spirit:name>
            <spirit:value>edc782ac</spirit:value>
          </spirit:parameter>
        </spirit:parameters>
      </spirit:view>
      <spirit:view>
        <spirit:name>xilinx_anylanguagebehavioralsimulation</spirit:name>
        <spirit:displayName>Simulation</spirit:displayName>
        <spirit:envIdentifier>:vivado.xilinx.com:simulation</spirit:envIdentifier>
        <spirit:language>Verilog</spirit:language>
        <spirit:modelName>OV_CAM</spirit:modelName>
        <spirit:fileSetRef>
          <spirit:localName>xilinx_anylanguagebehavioralsimulation_view_fileset</spirit:localName>
        </spirit:fileSetRef>
        <spirit:parameters>
          <spirit:parameter>
            <spirit:name>viewChecksum</spirit:name>
            <spirit:value>edc782ac</spirit:value>
          </spirit:parameter>
        </spirit:parameters>
      </spirit:view>
      <spirit:view>
        <spirit:name>xilinx_xpgui</spirit:name>
        <spirit:displayName>UI Layout</spirit:displayName>
        <spirit:envIdentifier>:vivado.xilinx.com:xgui.ui</spirit:envIdentifier>
        <spirit:fileSetRef>
          <spirit:localName>xilinx_xpgui_view_fileset</spirit:localName>
        </spirit:fileSetRef>
        <spirit:parameters>
          <spirit:parameter>
            <spirit:name>viewChecksum</spirit:name>
            <spirit:value>3e4b515b</spirit:value>
          </spirit:parameter>
        </spirit:parameters>
      </spirit:view>
    </spirit:views>
    <spirit:ports>
      <spirit:port>
        <spirit:name>clock</spirit:name>
        <spirit:wire>
          <spirit:direction>in</spirit:direction>
          <spirit:wireTypeDefs>
            <spirit:wireTypeDef>
              <spirit:typeName>std_logic</spirit:typeName>
              <spirit:viewNameRef>xilinx_anylanguagesynthesis</spirit:viewNameRef>
              <spirit:viewNameRef>xilinx_anylanguagebehavioralsimulation</spirit:viewNameRef>
            </spirit:wireTypeDef>
          </spirit:wireTypeDefs>
        </spirit:wire>
      </spirit:port>
      <spirit:port>
        <spirit:name>reset</spirit:name>
        <spirit:wire>
          <spirit:direction>in</spirit:direction>
          <spirit:wireTypeDefs>
            <spirit:wireTypeDef>
              <spirit:typeName>std_logic</spirit:typeName>
              <spirit:viewNameRef>xilinx_anylanguagesynthesis</spirit:viewNameRef>
              <spirit:viewNameRef>xilinx_anylanguagebehavioralsimulation</spirit:viewNameRef>
            </spirit:wireTypeDef>
          </spirit:wireTypeDefs>
        </spirit:wire>
      </spirit:port>
      <spirit:port>
        <spirit:name>start</spirit:name>
        <spirit:wire>
          <spirit:direction>in</spirit:direction>
          <spirit:wireTypeDefs>
            <spirit:wireTypeDef>
              <spirit:typeName>std_logic</spirit:typeName>
              <spirit:viewNameRef>xilinx_anylanguagesynthesis</spirit:viewNameRef>
              <spirit:viewNameRef>xilinx_anylanguagebehavioralsimulation</spirit:viewNameRef>
            </spirit:wireTypeDef>
          </spirit:wireTypeDefs>
        </spirit:wire>
      </spirit:port>
      <spirit:port>
        <spirit:name>ready</spirit:name>
        <spirit:wire>
          <spirit:direction>out</spirit:direction>
          <spirit:wireTypeDefs>
            <spirit:wireTypeDef>
              <spirit:typeName>std_logic</spirit:typeName>
              <spirit:viewNameRef>xilinx_anylanguagesynthesis</spirit:viewNameRef>
              <spirit:viewNameRef>xilinx_anylanguagebehavioralsimulation</spirit:viewNameRef>
            </spirit:wireTypeDef>
          </spirit:wireTypeDefs>
        </spirit:wire>
      </spirit:port>
      <spirit:port>
        <spirit:name>done</spirit:name>
        <spirit:wire>
          <spirit:direction>out</spirit:direction>
          <spirit:wireTypeDefs>
            <spirit:wireTypeDef>
              <spirit:typeName>std_logic</spirit:typeName>
              <spirit:viewNameRef>xilinx_anylanguagesynthesis</spirit:viewNameRef>
              <spirit:viewNameRef>xilinx_anylanguagebehavioralsimulation</spirit:viewNameRef>
            </spirit:wireTypeDef>
          </spirit:wireTypeDefs>
        </spirit:wire>
      </spirit:port>
      <spirit:port>
        <spirit:name>data_out</spirit:name>
        <spirit:wire>
          <spirit:direction>out</spirit:direction>
          <spirit:vector>
            <spirit:left spirit:format="long">7</spirit:left>
            <spirit:right spirit:format="long">0</spirit:right>
          </spirit:vector>
          <spirit:wireTypeDefs>
            <spirit:wireTypeDef>
              <spirit:typeName>std_logic_vector</spirit:typeName>
              <spirit:viewNameRef>xilinx_anylanguagesynthesis</spirit:viewNameRef>
              <spirit:viewNameRef>xilinx_anylanguagebehavioralsimulation</spirit:viewNameRef>
            </spirit:wireTypeDef>
          </spirit:wireTypeDefs>
        </spirit:wire>
      </spirit:port>
      <spirit:port>
        <spirit:name>sccb_sda_i</spirit:name>
        <spirit:wire>
          <spirit:direction>in</spirit:direction>
          <spirit:wireTypeDefs>
            <spirit:wireTypeDef>
              <spirit:typeName>std_logic</spirit:typeName>
              <spirit:viewNameRef>xilinx_anylanguagesynthesis</spirit:viewNameRef>
              <spirit:viewNameRef>xilinx_anylanguagebehavioralsimulation</spirit:viewNameRef>
            </spirit:wireTypeDef>
          </spirit:wireTypeDefs>
        </spirit:wire>
      </spirit:port>
      <spirit:port>
        <spirit:name>sccb_sda_o</spirit:name>
        <spirit:wire>
          <spirit:direction>out</spirit:direction>
          <spirit:wireTypeDefs>
            <spirit:wireTypeDef>
              <spirit:typeName>std_logic</spirit:typeName>
              <spirit:viewNameRef>xilinx_anylanguagesynthesis</spirit:viewNameRef>
              <spirit:viewNameRef>xilinx_anylanguagebehavioralsimulation</spirit:viewNameRef>
            </spirit:wireTypeDef>
          </spirit:wireTypeDefs>
        </spirit:wire>
      </spirit:port>
      <spirit:port>
        <spirit:name>sccb_sda_t</spirit:name>
        <spirit:wire>
          <spirit:direction>out</spirit:direction>
          <spirit:wireTypeDefs>
            <spirit:wireTypeDef>
              <spirit:typeName>std_logic</spirit:typeName>
              <spirit:viewNameRef>xilinx_anylanguagesynthesis</spirit:viewNameRef>
              <spirit:viewNameRef>xilinx_anylanguagebehavioralsimulation</spirit:viewNameRef>
            </spirit:wireTypeDef>
          </spirit:wireTypeDefs>
        </spirit:wire>
      </spirit:port>
      <spirit:port>
        <spirit:name>sccb_scl_i</spirit:name>
        <spirit:wire>
          <spirit:direction>in</spirit:direction>
          <spirit:wireTypeDefs>
            <spirit:wireTypeDef>
              <spirit:typeName>std_logic</spirit:typeName>
              <spirit:viewNameRef>xilinx_anylanguagesynthesis</spirit:viewNameRef>
              <spirit:viewNameRef>xilinx_anylanguagebehavioralsimulation</spirit:viewNameRef>
            </spirit:wireTypeDef>
          </spirit:wireTypeDefs>
        </spirit:wire>
      </spirit:port>
      <spirit:port>
        <spirit:name>sccb_scl_o</spirit:name>
        <spirit:wire>
          <spirit:direction>out</spirit:direction>
          <spirit:wireTypeDefs>
            <spirit:wireTypeDef>
              <spirit:typeName>std_logic</spirit:typeName>
              <spirit:viewNameRef>xilinx_anylanguagesynthesis</spirit:viewNameRef>
              <spirit:viewNameRef>xilinx_anylanguagebehavioralsimulation</spirit:viewNameRef>
            </spirit:wireTypeDef>
          </spirit:wireTypeDefs>
        </spirit:wire>
      </spirit:port>
      <spirit:port>
        <spirit:name>sccb_scl_t</spirit:name>
        <spirit:wire>
          <spirit:direction>out</spirit:direction>
          <spirit:wireTypeDefs>
            <spirit:wireTypeDef>
              <spirit:typeName>std_logic</spirit:typeName>
              <spirit:viewNameRef>xilinx_anylanguagesynthesis</spirit:viewNameRef>
              <spirit:viewNameRef>xilinx_anylanguagebehavioralsimulation</spirit:viewNameRef>
            </spirit:wireTypeDef>
          </spirit:wireTypeDefs>
        </spirit:wire>
      </spirit:port>
      <spirit:port>
        <spirit:name>resetn_out</spirit:name>
        <spirit:wire>
          <spirit:direction>out</spirit:direction>
          <spirit:wireTypeDefs>
            <spirit:wireTypeDef>
              <spirit:typeName>std_logic</spirit:typeName>
              <spirit:viewNameRef>xilinx_anylanguagesynthesis</spirit:viewNameRef>
              <spirit:viewNameRef>xilinx_anylanguagebehavioralsimulation</spirit:viewNameRef>
            </spirit:wireTypeDef>
          </spirit:wireTypeDefs>
        </spirit:wire>
      </spirit:port>
      <spirit:port>
        <spirit:name>pwdn_out</spirit:name>
        <spirit:wire>
          <spirit:direction>out</spirit:direction>
          <spirit:wireTypeDefs>
            <spirit:wireTypeDef>
              <spirit:typeName>std_logic</spirit:typeName>
              <spirit:viewNameRef>xilinx_anylanguagesynthesis</spirit:viewNameRef>
              <spirit:viewNameRef>xilinx_anylanguagebehavioralsimulation</spirit:viewNameRef>
            </spirit:wireTypeDef>
          </spirit:wireTypeDefs>
        </spirit:wire>
      </spirit:port>
      <spirit:port>
        <spirit:name>pclk</spirit:name>
        <spirit:wire>
          <spirit:direction>in</spirit:direction>
          <spirit:wireTypeDefs>
            <spirit:wireTypeDef>
              <spirit:typeName>std_logic</spirit:typeName>
              <spirit:viewNameRef>xilinx_anylanguagesynthesis</spirit:viewNameRef>
              <spirit:viewNameRef>xilinx_anylanguagebehavioralsimulation</spirit:viewNameRef>
            </spirit:wireTypeDef>
          </spirit:wireTypeDefs>
        </spirit:wire>
      </spirit:port>
      <spirit:port>
        <spirit:name>vsync</spirit:name>
        <spirit:wire>
          <spirit:direction>in</spirit:direction>
          <spirit:wireTypeDefs>
            <spirit:wireTypeDef>
              <spirit:typeName>std_logic</spirit:typeName>
              <spirit:viewNameRef>xilinx_anylanguagesynthesis</spirit:viewNameRef>
              <spirit:viewNameRef>xilinx_anylanguagebehavioralsimulation</spirit:viewNameRef>
            </spirit:wireTypeDef>
          </spirit:wireTypeDefs>
        </spirit:wire>
      </spirit:port>
      <spirit:port>
        <spirit:name>href</spirit:name>
        <spirit:wire>
          <spirit:direction>in</spirit:direction>
          <spirit:wireTypeDefs>
            <spirit:wireTypeDef>
              <spirit:typeName>std_logic</spirit:typeName>
              <spirit:viewNameRef>xilinx_anylanguagesynthesis</spirit:viewNameRef>
              <spirit:viewNameRef>xilinx_anylanguagebehavioralsimulation</spirit:viewNameRef>
            </spirit:wireTypeDef>
          </spirit:wireTypeDefs>
        </spirit:wire>
      </spirit:port>
      <spirit:port>
        <spirit:name>d_in</spirit:name>
        <spirit:wire>
          <spirit:direction>in</spirit:direction>
          <spirit:vector>
            <spirit:left spirit:format="long">7</spirit:left>
            <spirit:right spirit:format="long">0</spirit:right>
          </spirit:vector>
          <spirit:wireTypeDefs>
            <spirit:wireTypeDef>
              <spirit:typeName>std_logic_vector</spirit:typeName>
              <spirit:viewNameRef>xilinx_anylanguagesynthesis</spirit:viewNameRef>
              <spirit:viewNameRef>xilinx_anylanguagebehavioralsimulation</spirit:viewNameRef>
            </spirit:wireTypeDef>
          </spirit:wireTypeDefs>
        </spirit:wire>
      </spirit:port>
      <spirit:port>
        <spirit:name>pixel_data_out</spirit:name>
        <spirit:wire>
          <spirit:direction>out</spirit:direction>
          <spirit:vector>
            <spirit:left spirit:format="long">23</spirit:left>
            <spirit:right spirit:format="long">0</spirit:right>
          </spirit:vector>
          <spirit:wireTypeDefs>
            <spirit:wireTypeDef>
              <spirit:typeName>std_logic_vector</spirit:typeName>
              <spirit:viewNameRef>xilinx_anylanguagesynthesis</spirit:viewNameRef>
              <spirit:viewNameRef>xilinx_anylanguagebehavioralsimulation</spirit:viewNameRef>
            </spirit:wireTypeDef>
          </spirit:wireTypeDefs>
        </spirit:wire>
      </spirit:port>
      <spirit:port>
        <spirit:name>hsync_out</spirit:name>
        <spirit:wire>
          <spirit:direction>out</spirit:direction>
          <spirit:wireTypeDefs>
            <spirit:wireTypeDef>
              <spirit:typeName>std_logic</spirit:typeName>
              <spirit:viewNameRef>xilinx_anylanguagesynthesis</spirit:viewNameRef>
              <spirit:viewNameRef>xilinx_anylanguagebehavioralsimulation</spirit:viewNameRef>
            </spirit:wireTypeDef>
          </spirit:wireTypeDefs>
        </spirit:wire>
      </spirit:port>
      <spirit:port>
        <spirit:name>vsync_out</spirit:name>
        <spirit:wire>
          <spirit:direction>out</spirit:direction>
          <spirit:wireTypeDefs>
            <spirit:wireTypeDef>
              <spirit:typeName>std_logic</spirit:typeName>
              <spirit:viewNameRef>xilinx_anylanguagesynthesis</spirit:viewNameRef>
              <spirit:viewNameRef>xilinx_anylanguagebehavioralsimulation</spirit:viewNameRef>
            </spirit:wireTypeDef>
          </spirit:wireTypeDefs>
        </spirit:wire>
      </spirit:port>
      <spirit:port>
        <spirit:name>pclk_out</spirit:name>
        <spirit:wire>
          <spirit:direction>out</spirit:direction>
          <spirit:wireTypeDefs>
            <spirit:wireTypeDef>
              <spirit:typeName>std_logic</spirit:typeName>
              <spirit:viewNameRef>xilinx_anylanguagesynthesis</spirit:viewNameRef>
              <spirit:viewNameRef>xilinx_anylanguagebehavioralsimulation</spirit:viewNameRef>
            </spirit:wireTypeDef>
          </spirit:wireTypeDefs>
        </spirit:wire>
      </spirit:port>
      <spirit:port>
        <spirit:name>we</spirit:name>
        <spirit:wire>
          <spirit:direction>out</spirit:direction>
          <spirit:wireTypeDefs>
            <spirit:wireTypeDef>
              <spirit:typeName>std_logic</spirit:typeName>
              <spirit:viewNameRef>xilinx_anylanguagesynthesis</spirit:viewNameRef>
              <spirit:viewNameRef>xilinx_anylanguagebehavioralsimulation</spirit:viewNameRef>
            </spirit:wireTypeDef>
          </spirit:wireTypeDefs>
        </spirit:wire>
      </spirit:port>
    </spirit:ports>
    <spirit:modelParameters>
      <spirit:modelParameter xsi:type="spirit:nameValueTypeType" spirit:dataType="integer">
        <spirit:name>CAMERA_MODEL</spirit:name>
        <spirit:displayName>Camera Model</spirit:displayName>
        <spirit:value spirit:format="long" spirit:resolve="generated" spirit:id="MODELPARAM_VALUE.CAMERA_MODEL">5640</spirit:value>
      </spirit:modelParameter>
      <spirit:modelParameter spirit:dataType="integer">
        <spirit:name>CLOCK_FREQ</spirit:name>
        <spirit:displayName>Clock Freq</spirit:displayName>
        <spirit:value spirit:format="long" spirit:resolve="generated" spirit:id="MODELPARAM_VALUE.CLOCK_FREQ">100</spirit:value>
      </spirit:modelParameter>
      <spirit:modelParameter spirit:dataType="integer">
        <spirit:name>DVPHO</spirit:name>
        <spirit:displayName>Dvpho</spirit:displayName>
        <spirit:value spirit:format="long" spirit:resolve="generated" spirit:id="MODELPARAM_VALUE.DVPHO">640</spirit:value>
      </spirit:modelParameter>
      <spirit:modelParameter spirit:dataType="integer">
        <spirit:name>DVPVO</spirit:name>
        <spirit:displayName>Dvpvo</spirit:displayName>
        <spirit:value spirit:format="long" spirit:resolve="generated" spirit:id="MODELPARAM_VALUE.DVPVO">480</spirit:value>
      </spirit:modelParameter>
    </spirit:modelParameters>
  </spirit:model>
  <spirit:fileSets>
    <spirit:fileSet>
      <spirit:name>xilinx_anylanguagesynthesis_view_fileset</spirit:name>
      <spirit:file>
        <spirit:name>src/OV5640_Config.v</spirit:name>
        <spirit:fileType>verilogSource</spirit:fileType>
        <spirit:userFileType>IMPORTED_FILE</spirit:userFileType>
      </spirit:file>
      <spirit:file>
        <spirit:name>src/OV7670_Config.v</spirit:name>
        <spirit:fileType>verilogSource</spirit:fileType>
        <spirit:userFileType>IMPORTED_FILE</spirit:userFileType>
      </spirit:file>
      <spirit:file>
        <spirit:name>src/OV_CAM_CLK_Driver.v</spirit:name>
        <spirit:fileType>verilogSource</spirit:fileType>
        <spirit:userFileType>IMPORTED_FILE</spirit:userFileType>
      </spirit:file>
      <spirit:file>
        <spirit:name>src/OV_CAM_Capture.v</spirit:name>
        <spirit:fileType>verilogSource</spirit:fileType>
        <spirit:userFileType>IMPORTED_FILE</spirit:userFileType>
      </spirit:file>
      <spirit:file>
        <spirit:name>src/OV_CAM_Controller.v</spirit:name>
        <spirit:fileType>verilogSource</spirit:fileType>
        <spirit:userFileType>IMPORTED_FILE</spirit:userFileType>
      </spirit:file>
      <spirit:file>
        <spirit:name>src/OV_CAM_SCCB.v</spirit:name>
        <spirit:fileType>verilogSource</spirit:fileType>
        <spirit:userFileType>IMPORTED_FILE</spirit:userFileType>
      </spirit:file>
      <spirit:file>
        <spirit:name>src/OV_CAM.v</spirit:name>
        <spirit:fileType>verilogSource</spirit:fileType>
        <spirit:userFileType>CHECKSUM_6bca973e</spirit:userFileType>
        <spirit:userFileType>IMPORTED_FILE</spirit:userFileType>
      </spirit:file>
    </spirit:fileSet>
    <spirit:fileSet>
      <spirit:name>xilinx_anylanguagebehavioralsimulation_view_fileset</spirit:name>
      <spirit:file>
        <spirit:name>src/OV5640_Config.v</spirit:name>
        <spirit:fileType>verilogSource</spirit:fileType>
        <spirit:userFileType>IMPORTED_FILE</spirit:userFileType>
      </spirit:file>
      <spirit:file>
        <spirit:name>src/OV7670_Config.v</spirit:name>
        <spirit:fileType>verilogSource</spirit:fileType>
        <spirit:userFileType>IMPORTED_FILE</spirit:userFileType>
      </spirit:file>
      <spirit:file>
        <spirit:name>src/OV_CAM_CLK_Driver.v</spirit:name>
        <spirit:fileType>verilogSource</spirit:fileType>
        <spirit:userFileType>IMPORTED_FILE</spirit:userFileType>
      </spirit:file>
      <spirit:file>
        <spirit:name>src/OV_CAM_Capture.v</spirit:name>
        <spirit:fileType>verilogSource</spirit:fileType>
        <spirit:userFileType>IMPORTED_FILE</spirit:userFileType>
      </spirit:file>
      <spirit:file>
        <spirit:name>src/OV_CAM_Controller.v</spirit:name>
        <spirit:fileType>verilogSource</spirit:fileType>
        <spirit:userFileType>IMPORTED_FILE</spirit:userFileType>
      </spirit:file>
      <spirit:file>
        <spirit:name>src/OV_CAM_SCCB.v</spirit:name>
        <spirit:fileType>verilogSource</spirit:fileType>
        <spirit:userFileType>IMPORTED_FILE</spirit:userFileType>
      </spirit:file>
      <spirit:file>
        <spirit:name>src/OV_CAM.v</spirit:name>
        <spirit:fileType>verilogSource</spirit:fileType>
        <spirit:userFileType>IMPORTED_FILE</spirit:userFileType>
      </spirit:file>
    </spirit:fileSet>
    <spirit:fileSet>
      <spirit:name>xilinx_xpgui_view_fileset</spirit:name>
      <spirit:file>
        <spirit:name>xgui/OV_CAM_v6_3.tcl</spirit:name>
        <spirit:fileType>tclSource</spirit:fileType>
        <spirit:userFileType>CHECKSUM_3e4b515b</spirit:userFileType>
        <spirit:userFileType>XGUI_VERSION_2</spirit:userFileType>
      </spirit:file>
    </spirit:fileSet>
  </spirit:fileSets>
  <spirit:description>OV_CAM_v1_0 with DVP_app</spirit:description>
  <spirit:parameters>
    <spirit:parameter>
      <spirit:name>CAMERA_MODEL</spirit:name>
      <spirit:displayName>Camera Model</spirit:displayName>
      <spirit:value spirit:format="long" spirit:resolve="user" spirit:id="PARAM_VALUE.CAMERA_MODEL">5640</spirit:value>
    </spirit:parameter>
    <spirit:parameter>
      <spirit:name>CLOCK_FREQ</spirit:name>
      <spirit:displayName>Clock Freq</spirit:displayName>
      <spirit:value spirit:format="long" spirit:resolve="user" spirit:id="PARAM_VALUE.CLOCK_FREQ">100</spirit:value>
    </spirit:parameter>
    <spirit:parameter>
      <spirit:name>Component_Name</spirit:name>
      <spirit:value spirit:resolve="user" spirit:id="PARAM_VALUE.Component_Name" spirit:order="1">OV_CAM_v6_3</spirit:value>
    </spirit:parameter>
    <spirit:parameter>
      <spirit:name>DVPHO</spirit:name>
      <spirit:displayName>Dvpho</spirit:displayName>
      <spirit:value spirit:format="long" spirit:resolve="user" spirit:id="PARAM_VALUE.DVPHO">640</spirit:value>
    </spirit:parameter>
    <spirit:parameter>
      <spirit:name>DVPVO</spirit:name>
      <spirit:displayName>Dvpvo</spirit:displayName>
      <spirit:value spirit:format="long" spirit:resolve="user" spirit:id="PARAM_VALUE.DVPVO">480</spirit:value>
    </spirit:parameter>
  </spirit:parameters>
  <spirit:vendorExtensions>
    <xilinx:coreExtensions>
      <xilinx:supportedFamilies>
        <xilinx:family xilinx:lifeCycle="Production">artix7</xilinx:family>
        <xilinx:family xilinx:lifeCycle="Production">artix7l</xilinx:family>
        <xilinx:family xilinx:lifeCycle="Production">aartix7</xilinx:family>
        <xilinx:family xilinx:lifeCycle="Production">qartix7</xilinx:family>
        <xilinx:family xilinx:lifeCycle="Production">zynq</xilinx:family>
        <xilinx:family xilinx:lifeCycle="Production">qzynq</xilinx:family>
        <xilinx:family xilinx:lifeCycle="Production">azynq</xilinx:family>
        <xilinx:family xilinx:lifeCycle="Production">zynquplus</xilinx:family>
      </xilinx:supportedFamilies>
      <xilinx:taxonomies>
        <xilinx:taxonomy>/UserIP</xilinx:taxonomy>
      </xilinx:taxonomies>
      <xilinx:displayName>OV_CAM_v1_0</xilinx:displayName>
      <xilinx:definitionSource>package_project</xilinx:definitionSource>
      <xilinx:coreRevision>43</xilinx:coreRevision>
      <xilinx:coreCreationDateTime>2019-11-06T14:46:43Z</xilinx:coreCreationDateTime>
      <xilinx:tags>
        <xilinx:tag xilinx:name="ui.data.coregen.dd@ad940b_ARCHIVE_LOCATION">f:/_SRTP/myIPs/ov2</xilinx:tag>
        <xilinx:tag xilinx:name="ui.data.coregen.dd@14f4e25b_ARCHIVE_LOCATION">f:/_SRTP/myIPs/ov2</xilinx:tag>
        <xilinx:tag xilinx:name="ui.data.coregen.dd@3f672489_ARCHIVE_LOCATION">f:/_SRTP/myIPs/ov2</xilinx:tag>
        <xilinx:tag xilinx:name="ui.data.coregen.dd@382b74c0_ARCHIVE_LOCATION">f:/_SRTP/myIPs/ov2</xilinx:tag>
        <xilinx:tag xilinx:name="ui.data.coregen.dd@6b0f3d0f_ARCHIVE_LOCATION">f:/_SRTP/myIPs/ov2</xilinx:tag>
        <xilinx:tag xilinx:name="ui.data.coregen.dd@47abe75e_ARCHIVE_LOCATION">f:/_SRTP/myIPs/ov2</xilinx:tag>
        <xilinx:tag xilinx:name="ui.data.coregen.dd@2c2609c5_ARCHIVE_LOCATION">f:/_SRTP/myIPs/ov2</xilinx:tag>
        <xilinx:tag xilinx:name="ui.data.coregen.dd@1d8402ba_ARCHIVE_LOCATION">f:/_SRTP/myIPs/ov2</xilinx:tag>
        <xilinx:tag xilinx:name="ui.data.coregen.dd@1ff1b277_ARCHIVE_LOCATION">f:/_SRTP/myIPs/ov2</xilinx:tag>
        <xilinx:tag xilinx:name="ui.data.coregen.dd@fe1cf96_ARCHIVE_LOCATION">f:/_SRTP/myIPs/ov2</xilinx:tag>
        <xilinx:tag xilinx:name="ui.data.coregen.dd@57dd1b30_ARCHIVE_LOCATION">f:/_SRTP/myIPs/ov2</xilinx:tag>
        <xilinx:tag xilinx:name="ui.data.coregen.dd@69ebe83e_ARCHIVE_LOCATION">f:/_SRTP/myIPs/ov2</xilinx:tag>
        <xilinx:tag xilinx:name="ui.data.coregen.dd@1893a435_ARCHIVE_LOCATION">f:/_SRTP/myIPs/ov2</xilinx:tag>
        <xilinx:tag xilinx:name="ui.data.coregen.dd@79c0a523_ARCHIVE_LOCATION">f:/_SRTP/myIPs/ov2</xilinx:tag>
        <xilinx:tag xilinx:name="ui.data.coregen.dd@3b58228b_ARCHIVE_LOCATION">f:/_SRTP/myIPs/ov2</xilinx:tag>
        <xilinx:tag xilinx:name="ui.data.coregen.dd@2d331852_ARCHIVE_LOCATION">f:/_SRTP/myIPs/ov2</xilinx:tag>
        <xilinx:tag xilinx:name="ui.data.coregen.dd@fc942db_ARCHIVE_LOCATION">f:/_SRTP/myIPs/ov2</xilinx:tag>
        <xilinx:tag xilinx:name="ui.data.coregen.dd@55bea399_ARCHIVE_LOCATION">f:/_SRTP/myIPs/ov2</xilinx:tag>
        <xilinx:tag xilinx:name="ui.data.coregen.dd@271f4afe_ARCHIVE_LOCATION">f:/_SRTP/myIPs/ov2</xilinx:tag>
        <xilinx:tag xilinx:name="ui.data.coregen.dd@6b595bfa_ARCHIVE_LOCATION">f:/_SRTP/myIPs/ov2</xilinx:tag>
        <xilinx:tag xilinx:name="ui.data.coregen.dd@7ca309c_ARCHIVE_LOCATION">f:/_SRTP/myIPs/ov2</xilinx:tag>
        <xilinx:tag xilinx:name="ui.data.coregen.dd@27b665bd_ARCHIVE_LOCATION">f:/_SRTP/myIPs/ov2</xilinx:tag>
        <xilinx:tag xilinx:name="ui.data.coregen.dd@68296435_ARCHIVE_LOCATION">f:/_SRTP/myIPs/ov2</xilinx:tag>
        <xilinx:tag xilinx:name="ui.data.coregen.dd@74e4b93f_ARCHIVE_LOCATION">f:/_SRTP/myIPs/ov2</xilinx:tag>
        <xilinx:tag xilinx:name="ui.data.coregen.dd@d0a7fcd_ARCHIVE_LOCATION">f:/_SRTP/myIPs/ov2</xilinx:tag>
        <xilinx:tag xilinx:name="ui.data.coregen.dd@197b68d7_ARCHIVE_LOCATION">f:/_SRTP/myIPs/ov2</xilinx:tag>
        <xilinx:tag xilinx:name="ui.data.coregen.dd@3c777f52_ARCHIVE_LOCATION">f:/_SRTP/myIPs/ov2</xilinx:tag>
        <xilinx:tag xilinx:name="ui.data.coregen.dd@7ba8e79_ARCHIVE_LOCATION">f:/_SRTP/myIPs/ov2</xilinx:tag>
        <xilinx:tag xilinx:name="ui.data.coregen.dd@50a58a0d_ARCHIVE_LOCATION">f:/_SRTP/myIPs/ov2</xilinx:tag>
        <xilinx:tag xilinx:name="ui.data.coregen.dd@6af7ff70_ARCHIVE_LOCATION">f:/_SRTP/myIPs/ov2</xilinx:tag>
        <xilinx:tag xilinx:name="ui.data.coregen.dd@622a7448_ARCHIVE_LOCATION">f:/_SRTP/myIPs/ov2</xilinx:tag>
        <xilinx:tag xilinx:name="ui.data.coregen.dd@689d1ea8_ARCHIVE_LOCATION">f:/_SRTP/myIPs/ov2</xilinx:tag>
        <xilinx:tag xilinx:name="ui.data.coregen.dd@4f898d79_ARCHIVE_LOCATION">f:/_SRTP/myIPs/ov2</xilinx:tag>
        <xilinx:tag xilinx:name="ui.data.coregen.dd@43820a98_ARCHIVE_LOCATION">f:/_SRTP/myIPs/ov2</xilinx:tag>
        <xilinx:tag xilinx:name="ui.data.coregen.dd@56c6fddf_ARCHIVE_LOCATION">f:/_SRTP/myIPs/ov2</xilinx:tag>
        <xilinx:tag xilinx:name="ui.data.coregen.dd@1d75cbb8_ARCHIVE_LOCATION">f:/_SRTP/myIPs/ov2</xilinx:tag>
        <xilinx:tag xilinx:name="ui.data.coregen.dd@396ee7f_ARCHIVE_LOCATION">f:/_SRTP/myIPs/ov2</xilinx:tag>
        <xilinx:tag xilinx:name="ui.data.coregen.dd@68bae651_ARCHIVE_LOCATION">f:/_SRTP/myIPs/ov2</xilinx:tag>
        <xilinx:tag xilinx:name="ui.data.coregen.dd@722ed3a0_ARCHIVE_LOCATION">f:/_SRTP/myIPs/ov2</xilinx:tag>
        <xilinx:tag xilinx:name="ui.data.coregen.dd@5894ef22_ARCHIVE_LOCATION">f:/_SRTP/myIPs/ov2</xilinx:tag>
        <xilinx:tag xilinx:name="ui.data.coregen.dd@26ad411d_ARCHIVE_LOCATION">f:/_SRTP/myIPs/ov2</xilinx:tag>
        <xilinx:tag xilinx:name="ui.data.coregen.dd@181cdbdc_ARCHIVE_LOCATION">f:/_SRTP/myIPs/ov2</xilinx:tag>
        <xilinx:tag xilinx:name="ui.data.coregen.dd@37907984_ARCHIVE_LOCATION">f:/_SRTP/myIPs/ov2</xilinx:tag>
        <xilinx:tag xilinx:name="ui.data.coregen.dd@48d9b690_ARCHIVE_LOCATION">f:/_SRTP/myIPs/ov2</xilinx:tag>
        <xilinx:tag xilinx:name="ui.data.coregen.dd@313f1405_ARCHIVE_LOCATION">f:/_SRTP/myIPs/ov2</xilinx:tag>
        <xilinx:tag xilinx:name="ui.data.coregen.dd@ca98031_ARCHIVE_LOCATION">f:/_SRTP/myIPs/ov2</xilinx:tag>
        <xilinx:tag xilinx:name="ui.data.coregen.dd@5e779ff6_ARCHIVE_LOCATION">f:/_SRTP/myIPs/ov2</xilinx:tag>
        <xilinx:tag xilinx:name="ui.data.coregen.dd@60ab69b9_ARCHIVE_LOCATION">f:/_SRTP/myIPs/ov2</xilinx:tag>
        <xilinx:tag xilinx:name="ui.data.coregen.dd@7500e54f_ARCHIVE_LOCATION">f:/_SRTP/myIPs/ov2</xilinx:tag>
        <xilinx:tag xilinx:name="ui.data.coregen.dd@277f31f0_ARCHIVE_LOCATION">f:/_SRTP/myIPs/ov2</xilinx:tag>
        <xilinx:tag xilinx:name="ui.data.coregen.dd@2ef15b92_ARCHIVE_LOCATION">f:/_SRTP/myIPs/ov2</xilinx:tag>
        <xilinx:tag xilinx:name="ui.data.coregen.dd@2b6e4c30_ARCHIVE_LOCATION">f:/_SRTP/myIPs/ov2</xilinx:tag>
        <xilinx:tag xilinx:name="ui.data.coregen.dd@232bfb3c_ARCHIVE_LOCATION">f:/_SRTP/myIPs/ov2</xilinx:tag>
        <xilinx:tag xilinx:name="ui.data.coregen.dd@5d2e1cd9_ARCHIVE_LOCATION">f:/_SRTP/myIPs/ov2</xilinx:tag>
        <xilinx:tag xilinx:name="ui.data.coregen.dd@8972d27_ARCHIVE_LOCATION">f:/_SRTP/myIPs/ov2</xilinx:tag>
        <xilinx:tag xilinx:name="ui.data.coregen.dd@3bc3514d_ARCHIVE_LOCATION">f:/_SRTP/myIPs/ov2</xilinx:tag>
        <xilinx:tag xilinx:name="ui.data.coregen.dd@24cc025f_ARCHIVE_LOCATION">f:/_SRTP/myIPs/ov2</xilinx:tag>
        <xilinx:tag xilinx:name="ui.data.coregen.dd@5eea258_ARCHIVE_LOCATION">f:/_SRTP/myIPs/ov2</xilinx:tag>
        <xilinx:tag xilinx:name="ui.data.coregen.dd@2a6e3e38_ARCHIVE_LOCATION">f:/_SRTP/myIPs/ov2</xilinx:tag>
        <xilinx:tag xilinx:name="ui.data.coregen.dd@519482de_ARCHIVE_LOCATION">f:/_SRTP/myIPs/ov2</xilinx:tag>
        <xilinx:tag xilinx:name="ui.data.coregen.dd@1be8f951_ARCHIVE_LOCATION">f:/_SRTP/myIPs/ov2</xilinx:tag>
        <xilinx:tag xilinx:name="ui.data.coregen.dd@5f18a2dc_ARCHIVE_LOCATION">f:/_SRTP/myIPs/ov2</xilinx:tag>
        <xilinx:tag xilinx:name="ui.data.coregen.dd@7a176d74_ARCHIVE_LOCATION">f:/_SRTP/myIPs/ov2</xilinx:tag>
        <xilinx:tag xilinx:name="ui.data.coregen.dd@63f7195d_ARCHIVE_LOCATION">f:/_SRTP/myIPs/ov2</xilinx:tag>
        <xilinx:tag xilinx:name="ui.data.coregen.dd@1d389423_ARCHIVE_LOCATION">f:/_SRTP/myIPs/ov2</xilinx:tag>
        <xilinx:tag xilinx:name="ui.data.coregen.dd@48198dfc_ARCHIVE_LOCATION">f:/_SRTP/myIPs/ov2</xilinx:tag>
        <xilinx:tag xilinx:name="ui.data.coregen.dd@56a916de_ARCHIVE_LOCATION">f:/_SRTP/myIPs/ov2</xilinx:tag>
        <xilinx:tag xilinx:name="ui.data.coregen.dd@6ddd4fb7_ARCHIVE_LOCATION">f:/_SRTP/myIPs/ov2</xilinx:tag>
        <xilinx:tag xilinx:name="ui.data.coregen.dd@5daf581f_ARCHIVE_LOCATION">f:/_SRTP/myIPs/ov2</xilinx:tag>
        <xilinx:tag xilinx:name="ui.data.coregen.dd@24c615a3_ARCHIVE_LOCATION">f:/_SRTP/myIPs/ov2</xilinx:tag>
        <xilinx:tag xilinx:name="ui.data.coregen.dd@71064228_ARCHIVE_LOCATION">f:/_SRTP/myIPs/ov2</xilinx:tag>
        <xilinx:tag xilinx:name="ui.data.coregen.dd@3519be73_ARCHIVE_LOCATION">f:/_SRTP/myIPs/ov2</xilinx:tag>
        <xilinx:tag xilinx:name="ui.data.coregen.dd@5ecd8360_ARCHIVE_LOCATION">f:/_SRTP/myIPs/ov2</xilinx:tag>
        <xilinx:tag xilinx:name="ui.data.coregen.dd@1a8bc15f_ARCHIVE_LOCATION">f:/_SRTP/myIPs/ov2</xilinx:tag>
        <xilinx:tag xilinx:name="ui.data.coregen.dd@47fdf80c_ARCHIVE_LOCATION">f:/_SRTP/myIPs/ov2</xilinx:tag>
        <xilinx:tag xilinx:name="ui.data.coregen.dd@63404bce_ARCHIVE_LOCATION">f:/_SRTP/myIPs/ov2</xilinx:tag>
        <xilinx:tag xilinx:name="ui.data.coregen.dd@61e8c35b_ARCHIVE_LOCATION">f:/_SRTP/myIPs/ov2</xilinx:tag>
        <xilinx:tag xilinx:name="ui.data.coregen.dd@2b63deff_ARCHIVE_LOCATION">f:/_SRTP/myIPs/ov2</xilinx:tag>
        <xilinx:tag xilinx:name="ui.data.coregen.dd@71246ce9_ARCHIVE_LOCATION">f:/_SRTP/myIPs/ov2</xilinx:tag>
        <xilinx:tag xilinx:name="ui.data.coregen.dd@47aabceb_ARCHIVE_LOCATION">f:/_SRTP/myIPs/ov2</xilinx:tag>
        <xilinx:tag xilinx:name="ui.data.coregen.dd@206caa1e_ARCHIVE_LOCATION">f:/_SRTP/myIPs/ov2</xilinx:tag>
        <xilinx:tag xilinx:name="ui.data.coregen.dd@4a7b5ec_ARCHIVE_LOCATION">f:/_SRTP/myIPs/ov2</xilinx:tag>
        <xilinx:tag xilinx:name="ui.data.coregen.dd@f82157_ARCHIVE_LOCATION">f:/_SRTP/myIPs/ov2</xilinx:tag>
        <xilinx:tag xilinx:name="ui.data.coregen.dd@3443ee65_ARCHIVE_LOCATION">f:/_SRTP/myIPs/ov2</xilinx:tag>
        <xilinx:tag xilinx:name="ui.data.coregen.dd@1b9fb383_ARCHIVE_LOCATION">f:/_SRTP/myIPs/ov2</xilinx:tag>
        <xilinx:tag xilinx:name="ui.data.coregen.dd@3ca894d4_ARCHIVE_LOCATION">f:/_SRTP/myIPs/ov2</xilinx:tag>
        <xilinx:tag xilinx:name="ui.data.coregen.dd@7aed463b_ARCHIVE_LOCATION">f:/_SRTP/myIPs/ov2</xilinx:tag>
        <xilinx:tag xilinx:name="ui.data.coregen.dd@588c1e5a_ARCHIVE_LOCATION">f:/_SRTP/myIPs/ov2</xilinx:tag>
        <xilinx:tag xilinx:name="ui.data.coregen.dd@72e6c19e_ARCHIVE_LOCATION">f:/_SRTP/myIPs/ov2</xilinx:tag>
        <xilinx:tag xilinx:name="ui.data.coregen.dd@399d6b93_ARCHIVE_LOCATION">f:/_SRTP/myIPs/ov2</xilinx:tag>
        <xilinx:tag xilinx:name="ui.data.coregen.dd@20cb6238_ARCHIVE_LOCATION">f:/_SRTP/myIPs/ov2</xilinx:tag>
        <xilinx:tag xilinx:name="ui.data.coregen.dd@68f07b48_ARCHIVE_LOCATION">f:/_SRTP/myIPs/ov2</xilinx:tag>
        <xilinx:tag xilinx:name="ui.data.coregen.dd@269f1e73_ARCHIVE_LOCATION">f:/_SRTP/myIPs/ov2</xilinx:tag>
        <xilinx:tag xilinx:name="ui.data.coregen.dd@7356fb2a_ARCHIVE_LOCATION">f:/_SRTP/myIPs/ov2</xilinx:tag>
        <xilinx:tag xilinx:name="ui.data.coregen.dd@611ab9d_ARCHIVE_LOCATION">f:/_SRTP/myIPs/ov2</xilinx:tag>
        <xilinx:tag xilinx:name="ui.data.coregen.dd@48c78dd1_ARCHIVE_LOCATION">f:/_SRTP/myIPs/ov2</xilinx:tag>
        <xilinx:tag xilinx:name="ui.data.coregen.dd@416b9f0b_ARCHIVE_LOCATION">f:/_SRTP/myIPs/ov2</xilinx:tag>
        <xilinx:tag xilinx:name="ui.data.coregen.dd@7c9df410_ARCHIVE_LOCATION">f:/_SRTP/myIPs/ov2</xilinx:tag>
        <xilinx:tag xilinx:name="ui.data.coregen.dd@1f2211ac_ARCHIVE_LOCATION">f:/_SRTP/myIPs/ov2</xilinx:tag>
        <xilinx:tag xilinx:name="ui.data.coregen.dd@5218b616_ARCHIVE_LOCATION">f:/_SRTP/myIPs/ov2</xilinx:tag>
        <xilinx:tag xilinx:name="ui.data.coregen.dd@7c37e9be_ARCHIVE_LOCATION">f:/_SRTP/myIPs/ov2</xilinx:tag>
        <xilinx:tag xilinx:name="ui.data.coregen.dd@3f745abe_ARCHIVE_LOCATION">f:/_SRTP/myIPs/ov2</xilinx:tag>
        <xilinx:tag xilinx:name="ui.data.coregen.dd@5e538f9f_ARCHIVE_LOCATION">f:/_SRTP/myIPs/ov2</xilinx:tag>
        <xilinx:tag xilinx:name="ui.data.coregen.dd@95cf002_ARCHIVE_LOCATION">f:/_SRTP/myIPs/ov2</xilinx:tag>
        <xilinx:tag xilinx:name="ui.data.coregen.dd@4e985b1d_ARCHIVE_LOCATION">f:/_SRTP/myIPs/ov2</xilinx:tag>
        <xilinx:tag xilinx:name="ui.data.coregen.dd@1a9a568a_ARCHIVE_LOCATION">f:/_SRTP/myIPs/ov2</xilinx:tag>
        <xilinx:tag xilinx:name="ui.data.coregen.dd@14d5c5c0_ARCHIVE_LOCATION">f:/_SRTP/myIPs/ov2</xilinx:tag>
        <xilinx:tag xilinx:name="ui.data.coregen.dd@5e05e246_ARCHIVE_LOCATION">f:/_SRTP/myIPs/ov2</xilinx:tag>
        <xilinx:tag xilinx:name="ui.data.coregen.dd@4187c23d_ARCHIVE_LOCATION">f:/_SRTP/myIPs/ov2</xilinx:tag>
        <xilinx:tag xilinx:name="ui.data.coregen.dd@790487ff_ARCHIVE_LOCATION">f:/_SRTP/myIPs/ov2</xilinx:tag>
        <xilinx:tag xilinx:name="ui.data.coregen.dd@5bd4c8f2_ARCHIVE_LOCATION">f:/_SRTP/myIPs/ov2</xilinx:tag>
        <xilinx:tag xilinx:name="ui.data.coregen.dd@2d2fb9ad_ARCHIVE_LOCATION">f:/_SRTP/myIPs/ov2</xilinx:tag>
        <xilinx:tag xilinx:name="ui.data.coregen.dd@25723894_ARCHIVE_LOCATION">f:/_SRTP/myIPs/ov2</xilinx:tag>
        <xilinx:tag xilinx:name="ui.data.coregen.dd@689fe1e6_ARCHIVE_LOCATION">f:/_SRTP/myIPs/ov2</xilinx:tag>
        <xilinx:tag xilinx:name="ui.data.coregen.dd@38e7e302_ARCHIVE_LOCATION">f:/_SRTP/myIPs/ov2</xilinx:tag>
        <xilinx:tag xilinx:name="ui.data.coregen.dd@1432b46a_ARCHIVE_LOCATION">f:/_SRTP/myIPs/ov2</xilinx:tag>
        <xilinx:tag xilinx:name="ui.data.coregen.dd@3e1c9255_ARCHIVE_LOCATION">f:/_SRTP/myIPs/ov2</xilinx:tag>
        <xilinx:tag xilinx:name="ui.data.coregen.dd@48a068f2_ARCHIVE_LOCATION">f:/_SRTP/myIPs/ov2</xilinx:tag>
        <xilinx:tag xilinx:name="ui.data.coregen.dd@22f09511_ARCHIVE_LOCATION">f:/_SRTP/myIPs/ov2</xilinx:tag>
        <xilinx:tag xilinx:name="ui.data.coregen.dd@1b1726af_ARCHIVE_LOCATION">f:/_SRTP/myIPs/ov2</xilinx:tag>
        <xilinx:tag xilinx:name="ui.data.coregen.dd@2967ae00_ARCHIVE_LOCATION">f:/_SRTP/myIPs/ov2</xilinx:tag>
        <xilinx:tag xilinx:name="ui.data.coregen.dd@19b1ba4b_ARCHIVE_LOCATION">f:/_SRTP/myIPs/ov2</xilinx:tag>
        <xilinx:tag xilinx:name="ui.data.coregen.dd@3bef2f54_ARCHIVE_LOCATION">f:/_SRTP/myIPs/ov2</xilinx:tag>
        <xilinx:tag xilinx:name="ui.data.coregen.dd@6882b242_ARCHIVE_LOCATION">f:/_SRTP/myIPs/ov2</xilinx:tag>
        <xilinx:tag xilinx:name="ui.data.coregen.dd@6c93be39_ARCHIVE_LOCATION">f:/_SRTP/myIPs/ov2</xilinx:tag>
        <xilinx:tag xilinx:name="ui.data.coregen.dd@5d02a26a_ARCHIVE_LOCATION">f:/_SRTP/myIPs/ov2</xilinx:tag>
        <xilinx:tag xilinx:name="ui.data.coregen.dd@5bd49238_ARCHIVE_LOCATION">f:/_SRTP/myIPs/ov2</xilinx:tag>
        <xilinx:tag xilinx:name="ui.data.coregen.dd@4d160972_ARCHIVE_LOCATION">f:/_SRTP/myIPs/ov2</xilinx:tag>
        <xilinx:tag xilinx:name="ui.data.coregen.dd@48155397_ARCHIVE_LOCATION">f:/_SRTP/myIPs/ov2</xilinx:tag>
        <xilinx:tag xilinx:name="ui.data.coregen.dd@257dae08_ARCHIVE_LOCATION">f:/_SRTP/myIPs/ov2</xilinx:tag>
        <xilinx:tag xilinx:name="ui.data.coregen.dd@1d19aa23_ARCHIVE_LOCATION">f:/_SRTP/myIPs/ov2</xilinx:tag>
        <xilinx:tag xilinx:name="ui.data.coregen.dd@3f316a9a_ARCHIVE_LOCATION">f:/_SRTP/myIPs/ov2</xilinx:tag>
        <xilinx:tag xilinx:name="ui.data.coregen.dd@133290b6_ARCHIVE_LOCATION">f:/_SRTP/myIPs/ov2</xilinx:tag>
        <xilinx:tag xilinx:name="ui.data.coregen.dd@119da0f6_ARCHIVE_LOCATION">f:/_SRTP/myIPs/ov2</xilinx:tag>
        <xilinx:tag xilinx:name="ui.data.coregen.dd@195871ef_ARCHIVE_LOCATION">f:/_SRTP/myIPs/ov2</xilinx:tag>
        <xilinx:tag xilinx:name="ui.data.coregen.dd@7d8d7c19_ARCHIVE_LOCATION">f:/_SRTP/myIPs/ov2</xilinx:tag>
        <xilinx:tag xilinx:name="ui.data.coregen.dd@2099f5e_ARCHIVE_LOCATION">f:/_SRTP/myIPs/ov2</xilinx:tag>
        <xilinx:tag xilinx:name="ui.data.coregen.dd@3cf4cfb7_ARCHIVE_LOCATION">f:/_SRTP/myIPs/ov2</xilinx:tag>
        <xilinx:tag xilinx:name="ui.data.coregen.dd@1c47ebeb_ARCHIVE_LOCATION">f:/_SRTP/myIPs/ov2</xilinx:tag>
        <xilinx:tag xilinx:name="ui.data.coregen.dd@15b29884_ARCHIVE_LOCATION">f:/_SRTP/myIPs/ov2</xilinx:tag>
        <xilinx:tag xilinx:name="ui.data.coregen.dd@a1f81b7_ARCHIVE_LOCATION">f:/_SRTP/myIPs/ov2</xilinx:tag>
        <xilinx:tag xilinx:name="ui.data.coregen.dd@33f3036b_ARCHIVE_LOCATION">f:/_SRTP/myIPs/ov2</xilinx:tag>
        <xilinx:tag xilinx:name="ui.data.coregen.dd@4cf430e9_ARCHIVE_LOCATION">f:/_SRTP/myIPs/ov2</xilinx:tag>
        <xilinx:tag xilinx:name="ui.data.coregen.dd@202204f0_ARCHIVE_LOCATION">f:/_SRTP/myIPs/ov2</xilinx:tag>
        <xilinx:tag xilinx:name="ui.data.coregen.dd@f37a928_ARCHIVE_LOCATION">f:/_SRTP/myIPs/ov2</xilinx:tag>
        <xilinx:tag xilinx:name="ui.data.coregen.dd@277e001a_ARCHIVE_LOCATION">f:/_SRTP/myIPs/ov2</xilinx:tag>
        <xilinx:tag xilinx:name="ui.data.coregen.dd@127e9933_ARCHIVE_LOCATION">f:/_SRTP/myIPs/ov2</xilinx:tag>
        <xilinx:tag xilinx:name="ui.data.coregen.dd@22b5b395_ARCHIVE_LOCATION">f:/_SRTP/myIPs/ov2</xilinx:tag>
        <xilinx:tag xilinx:name="ui.data.coregen.dd@71927577_ARCHIVE_LOCATION">f:/_SRTP/myIPs/ov2</xilinx:tag>
        <xilinx:tag xilinx:name="ui.data.coregen.dd@24f8ba5f_ARCHIVE_LOCATION">f:/_SRTP/myIPs/ov2</xilinx:tag>
        <xilinx:tag xilinx:name="ui.data.coregen.dd@596cf94c_ARCHIVE_LOCATION">f:/_SRTP/myIPs/ov2</xilinx:tag>
        <xilinx:tag xilinx:name="ui.data.coregen.dd@3ddd1908_ARCHIVE_LOCATION">f:/_SRTP/myIPs/ov2</xilinx:tag>
        <xilinx:tag xilinx:name="ui.data.coregen.dd@54c14f0b_ARCHIVE_LOCATION">f:/_SRTP/myIPs/ov2</xilinx:tag>
        <xilinx:tag xilinx:name="ui.data.coregen.dd@769f7613_ARCHIVE_LOCATION">f:/_SRTP/myIPs/ov2</xilinx:tag>
        <xilinx:tag xilinx:name="ui.data.coregen.dd@9600812_ARCHIVE_LOCATION">f:/_SRTP/myIPs/ov2</xilinx:tag>
        <xilinx:tag xilinx:name="ui.data.coregen.dd@6cddd3_ARCHIVE_LOCATION">f:/_SRTP/myIPs/ov2</xilinx:tag>
        <xilinx:tag xilinx:name="ui.data.coregen.dd@36616678_ARCHIVE_LOCATION">f:/_SRTP/myIPs/ov2</xilinx:tag>
        <xilinx:tag xilinx:name="ui.data.coregen.dd@7f13ebda_ARCHIVE_LOCATION">f:/_SRTP/myIPs/ov2</xilinx:tag>
        <xilinx:tag xilinx:name="ui.data.coregen.dd@619331a0_ARCHIVE_LOCATION">f:/_SRTP/myIPs/ov2</xilinx:tag>
        <xilinx:tag xilinx:name="ui.data.coregen.dd@7bbe8e35_ARCHIVE_LOCATION">f:/_SRTP/myIPs/ov2</xilinx:tag>
        <xilinx:tag xilinx:name="ui.data.coregen.dd@2c1819ee_ARCHIVE_LOCATION">f:/_SRTP/myIPs/ov2</xilinx:tag>
        <xilinx:tag xilinx:name="ui.data.coregen.dd@5f23aefd_ARCHIVE_LOCATION">f:/_SRTP/myIPs/ov2</xilinx:tag>
        <xilinx:tag xilinx:name="ui.data.coregen.dd@4711cdaf_ARCHIVE_LOCATION">f:/_SRTP/myIPs/ov2</xilinx:tag>
        <xilinx:tag xilinx:name="ui.data.coregen.dd@66849eb7_ARCHIVE_LOCATION">f:/_SRTP/myIPs/ov2</xilinx:tag>
        <xilinx:tag xilinx:name="ui.data.coregen.dd@375a1171_ARCHIVE_LOCATION">f:/_SRTP/myIPs/ov2</xilinx:tag>
        <xilinx:tag xilinx:name="ui.data.coregen.dd@71350c25_ARCHIVE_LOCATION">f:/_SRTP/myIPs/ov2</xilinx:tag>
        <xilinx:tag xilinx:name="ui.data.coregen.dd@199f2b93_ARCHIVE_LOCATION">f:/_SRTP/myIPs/ov2</xilinx:tag>
        <xilinx:tag xilinx:name="ui.data.coregen.dd@259ae0b_ARCHIVE_LOCATION">f:/_SRTP/myIPs/ov2</xilinx:tag>
        <xilinx:tag xilinx:name="ui.data.coregen.dd@61e47fce_ARCHIVE_LOCATION">f:/_SRTP/myIPs/ov2</xilinx:tag>
        <xilinx:tag xilinx:name="ui.data.coregen.dd@49feb991_ARCHIVE_LOCATION">f:/_SRTP/myIPs/ov2</xilinx:tag>
        <xilinx:tag xilinx:name="ui.data.coregen.dd@20cd542f_ARCHIVE_LOCATION">f:/_SRTP/myIPs/ov2</xilinx:tag>
        <xilinx:tag xilinx:name="ui.data.coregen.dd@15b629fe_ARCHIVE_LOCATION">f:/_SRTP/myIPs/ov2</xilinx:tag>
        <xilinx:tag xilinx:name="ui.data.coregen.dd@480999b4_ARCHIVE_LOCATION">f:/_SRTP/myIPs/ov2</xilinx:tag>
        <xilinx:tag xilinx:name="ui.data.coregen.dd@42531804_ARCHIVE_LOCATION">f:/_SRTP/myIPs/ov2</xilinx:tag>
        <xilinx:tag xilinx:name="ui.data.coregen.dd@6f9099bc_ARCHIVE_LOCATION">f:/_SRTP/myIPs/ov2</xilinx:tag>
        <xilinx:tag xilinx:name="ui.data.coregen.dd@41838b40_ARCHIVE_LOCATION">f:/_SRTP/myIPs/ov2</xilinx:tag>
        <xilinx:tag xilinx:name="ui.data.coregen.dd@7ac22e21_ARCHIVE_LOCATION">f:/_SRTP/myIPs/ov2</xilinx:tag>
        <xilinx:tag xilinx:name="ui.data.coregen.dd@32f860c0_ARCHIVE_LOCATION">f:/_SRTP/myIPs/ov2</xilinx:tag>
        <xilinx:tag xilinx:name="ui.data.coregen.dd@73a5b2e4_ARCHIVE_LOCATION">f:/_SRTP/myIPs/ov2</xilinx:tag>
        <xilinx:tag xilinx:name="ui.data.coregen.dd@71cd9e9b_ARCHIVE_LOCATION">f:/_SRTP/myIPs/ov2</xilinx:tag>
        <xilinx:tag xilinx:name="ui.data.coregen.dd@3985582c_ARCHIVE_LOCATION">f:/_SRTP/myIPs/ov2</xilinx:tag>
        <xilinx:tag xilinx:name="ui.data.coregen.dd@5566d0d1_ARCHIVE_LOCATION">f:/_SRTP/myIPs/ov2</xilinx:tag>
        <xilinx:tag xilinx:name="ui.data.coregen.dd@6abfad00_ARCHIVE_LOCATION">f:/_SRTP/myIPs/ov2</xilinx:tag>
        <xilinx:tag xilinx:name="ui.data.coregen.dd@1afd0b74_ARCHIVE_LOCATION">f:/_SRTP/myIPs/ov2</xilinx:tag>
        <xilinx:tag xilinx:name="ui.data.coregen.dd@7a00ce88_ARCHIVE_LOCATION">f:/_SRTP/myIPs/ov2</xilinx:tag>
        <xilinx:tag xilinx:name="ui.data.coregen.dd@1056c92b_ARCHIVE_LOCATION">f:/_SRTP/myIPs/ov2</xilinx:tag>
        <xilinx:tag xilinx:name="ui.data.coregen.dd@adf1b9a_ARCHIVE_LOCATION">f:/_SRTP/myIPs/ov2</xilinx:tag>
        <xilinx:tag xilinx:name="ui.data.coregen.dd@3d0e0e19_ARCHIVE_LOCATION">f:/_SRTP/myIPs/ov2</xilinx:tag>
        <xilinx:tag xilinx:name="ui.data.coregen.dd@2379a1ff_ARCHIVE_LOCATION">f:/_SRTP/myIPs/ov2</xilinx:tag>
        <xilinx:tag xilinx:name="ui.data.coregen.dd@6d3aace2_ARCHIVE_LOCATION">f:/_SRTP/myIPs/ov2</xilinx:tag>
        <xilinx:tag xilinx:name="ui.data.coregen.dd@2827a6ca_ARCHIVE_LOCATION">f:/_SRTP/myIPs/ov2</xilinx:tag>
        <xilinx:tag xilinx:name="ui.data.coregen.dd@585fb3f3_ARCHIVE_LOCATION">f:/_SRTP/myIPs/ov2</xilinx:tag>
        <xilinx:tag xilinx:name="ui.data.coregen.dd@5c5214d9_ARCHIVE_LOCATION">f:/_SRTP/myIPs/ov2</xilinx:tag>
        <xilinx:tag xilinx:name="ui.data.coregen.dd@5cc9dbcf_ARCHIVE_LOCATION">f:/_SRTP/myIPs/ov2</xilinx:tag>
        <xilinx:tag xilinx:name="ui.data.coregen.dd@60da03bc_ARCHIVE_LOCATION">f:/_SRTP/myIPs/ov2</xilinx:tag>
        <xilinx:tag xilinx:name="ui.data.coregen.dd@471b73e6_ARCHIVE_LOCATION">f:/_SRTP/myIPs/ov2</xilinx:tag>
        <xilinx:tag xilinx:name="ui.data.coregen.dd@6e8e6d6d_ARCHIVE_LOCATION">f:/_SRTP/myIPs/ov2</xilinx:tag>
        <xilinx:tag xilinx:name="ui.data.coregen.dd@7fbb0f75_ARCHIVE_LOCATION">f:/_SRTP/myIPs/ov2</xilinx:tag>
        <xilinx:tag xilinx:name="ui.data.coregen.dd@277f2860_ARCHIVE_LOCATION">f:/_SRTP/myIPs/ov2</xilinx:tag>
        <xilinx:tag xilinx:name="ui.data.coregen.dd@5ba2732d_ARCHIVE_LOCATION">f:/_SRTP/myIPs/ov2</xilinx:tag>
        <xilinx:tag xilinx:name="ui.data.coregen.dd@277383a5_ARCHIVE_LOCATION">f:/_SRTP/myIPs/ov2</xilinx:tag>
        <xilinx:tag xilinx:name="ui.data.coregen.dd@f60bccb_ARCHIVE_LOCATION">f:/_SRTP/myIPs/ov2</xilinx:tag>
        <xilinx:tag xilinx:name="ui.data.coregen.dd@47b8ed98_ARCHIVE_LOCATION">f:/_SRTP/myIPs/ov2</xilinx:tag>
        <xilinx:tag xilinx:name="ui.data.coregen.dd@6813fe5_ARCHIVE_LOCATION">f:/_SRTP/myIPs/ov2</xilinx:tag>
        <xilinx:tag xilinx:name="ui.data.coregen.dd@4f8f4ef8_ARCHIVE_LOCATION">f:/_SRTP/myIPs/ov2</xilinx:tag>
        <xilinx:tag xilinx:name="ui.data.coregen.dd@62fe0507_ARCHIVE_LOCATION">f:/_SRTP/myIPs/ov2</xilinx:tag>
        <xilinx:tag xilinx:name="ui.data.coregen.dd@126167f7_ARCHIVE_LOCATION">f:/_SRTP/myIPs/ov2</xilinx:tag>
        <xilinx:tag xilinx:name="ui.data.coregen.dd@21045660_ARCHIVE_LOCATION">f:/_SRTP/myIPs/ov2</xilinx:tag>
        <xilinx:tag xilinx:name="ui.data.coregen.dd@3fc73dd0_ARCHIVE_LOCATION">f:/_SRTP/myIPs/ov2</xilinx:tag>
        <xilinx:tag xilinx:name="ui.data.coregen.dd@2c6f75a_ARCHIVE_LOCATION">f:/_SRTP/myIPs/ov2</xilinx:tag>
        <xilinx:tag xilinx:name="ui.data.coregen.dd@6a9b9ac3_ARCHIVE_LOCATION">f:/_SRTP/myIPs/ov2</xilinx:tag>
        <xilinx:tag xilinx:name="ui.data.coregen.dd@251c7901_ARCHIVE_LOCATION">f:/_SRTP/myIPs/ov2</xilinx:tag>
        <xilinx:tag xilinx:name="ui.data.coregen.dd@6f3fd49a_ARCHIVE_LOCATION">f:/_SRTP/myIPs/ov2</xilinx:tag>
        <xilinx:tag xilinx:name="ui.data.coregen.dd@41063496_ARCHIVE_LOCATION">f:/_SRTP/myIPs/ov2</xilinx:tag>
        <xilinx:tag xilinx:name="ui.data.coregen.dd@70ffc400_ARCHIVE_LOCATION">f:/_SRTP/myIPs/ov2</xilinx:tag>
        <xilinx:tag xilinx:name="ui.data.coregen.dd@3cf2c368_ARCHIVE_LOCATION">f:/_SRTP/myIPs/ov2</xilinx:tag>
        <xilinx:tag xilinx:name="ui.data.coregen.dd@52b0b89c_ARCHIVE_LOCATION">f:/_SRTP/myIPs/ov2</xilinx:tag>
        <xilinx:tag xilinx:name="ui.data.coregen.dd@3ddda711_ARCHIVE_LOCATION">f:/_SRTP/myIPs/ov2</xilinx:tag>
        <xilinx:tag xilinx:name="ui.data.coregen.dd@50f61b7a_ARCHIVE_LOCATION">f:/_SRTP/myIPs/ov2</xilinx:tag>
        <xilinx:tag xilinx:name="ui.data.coregen.dd@557ac626_ARCHIVE_LOCATION">f:/_SRTP/myIPs/ov2</xilinx:tag>
        <xilinx:tag xilinx:name="ui.data.coregen.dd@6eb57694_ARCHIVE_LOCATION">f:/_SRTP/myIPs/ov2</xilinx:tag>
        <xilinx:tag xilinx:name="ui.data.coregen.dd@53fefab_ARCHIVE_LOCATION">f:/_SRTP/myIPs/ov2</xilinx:tag>
        <xilinx:tag xilinx:name="ui.data.coregen.dd@52b11fe4_ARCHIVE_LOCATION">f:/_SRTP/myIPs/ov2</xilinx:tag>
        <xilinx:tag xilinx:name="ui.data.coregen.dd@7a3b31f_ARCHIVE_LOCATION">f:/_SRTP/myIPs/ov2</xilinx:tag>
        <xilinx:tag xilinx:name="ui.data.coregen.dd@5b2d3cc1_ARCHIVE_LOCATION">f:/_SRTP/myIPs/ov2</xilinx:tag>
        <xilinx:tag xilinx:name="ui.data.coregen.dd@3910cc2e_ARCHIVE_LOCATION">f:/_SRTP/myIPs/ov2</xilinx:tag>
        <xilinx:tag xilinx:name="ui.data.coregen.dd@1fb7a5f0_ARCHIVE_LOCATION">f:/_SRTP/myIPs/ov2</xilinx:tag>
        <xilinx:tag xilinx:name="ui.data.coregen.dd@3a49b5ba_ARCHIVE_LOCATION">f:/_SRTP/myIPs/ov2</xilinx:tag>
        <xilinx:tag xilinx:name="ui.data.coregen.dd@433a1c11_ARCHIVE_LOCATION">f:/_SRTP/myIPs/ov2</xilinx:tag>
        <xilinx:tag xilinx:name="ui.data.coregen.dd@232972f_ARCHIVE_LOCATION">f:/_SRTP/myIPs/ov2</xilinx:tag>
        <xilinx:tag xilinx:name="ui.data.coregen.dd@50f32ca4_ARCHIVE_LOCATION">f:/_SRTP/myIPs/ov2</xilinx:tag>
        <xilinx:tag xilinx:name="ui.data.coregen.dd@2dc925ba_ARCHIVE_LOCATION">f:/_SRTP/myIPs/ov2</xilinx:tag>
        <xilinx:tag xilinx:name="ui.data.coregen.dd@7f27f7a2_ARCHIVE_LOCATION">f:/_SRTP/myIPs/ov2</xilinx:tag>
        <xilinx:tag xilinx:name="ui.data.coregen.dd@1208ff1c_ARCHIVE_LOCATION">f:/_SRTP/myIPs/ov2</xilinx:tag>
        <xilinx:tag xilinx:name="ui.data.coregen.dd@3313e777_ARCHIVE_LOCATION">f:/_SRTP/myIPs/ov2</xilinx:tag>
        <xilinx:tag xilinx:name="ui.data.coregen.dd@4deded3e_ARCHIVE_LOCATION">f:/_SRTP/myIPs/ov2</xilinx:tag>
        <xilinx:tag xilinx:name="ui.data.coregen.dd@5f0a6d3b_ARCHIVE_LOCATION">f:/_SRTP/myIPs/ov2</xilinx:tag>
        <xilinx:tag xilinx:name="ui.data.coregen.dd@1323feb4_ARCHIVE_LOCATION">f:/_SRTP/myIPs/ov2</xilinx:tag>
        <xilinx:tag xilinx:name="ui.data.coregen.dd@74abbeb_ARCHIVE_LOCATION">f:/_SRTP/myIPs/ov2</xilinx:tag>
        <xilinx:tag xilinx:name="ui.data.coregen.dd@6908152d_ARCHIVE_LOCATION">f:/_SRTP/myIPs/ov2</xilinx:tag>
        <xilinx:tag xilinx:name="ui.data.coregen.dd@1c209b59_ARCHIVE_LOCATION">f:/_SRTP/myIPs/ov2</xilinx:tag>
        <xilinx:tag xilinx:name="ui.data.coregen.dd@3a692333_ARCHIVE_LOCATION">f:/_SRTP/myIPs/ov2</xilinx:tag>
        <xilinx:tag xilinx:name="ui.data.coregen.dd@fdd376a_ARCHIVE_LOCATION">f:/_SRTP/myIPs/ov2</xilinx:tag>
        <xilinx:tag xilinx:name="ui.data.coregen.dd@3830ef82_ARCHIVE_LOCATION">f:/_SRTP/myIPs/ov2</xilinx:tag>
        <xilinx:tag xilinx:name="ui.data.coregen.dd@5854cf3f_ARCHIVE_LOCATION">f:/_SRTP/myIPs/ov2</xilinx:tag>
        <xilinx:tag xilinx:name="ui.data.coregen.dd@6f950a1c_ARCHIVE_LOCATION">f:/_SRTP/myIPs/ov2</xilinx:tag>
        <xilinx:tag xilinx:name="ui.data.coregen.dd@dac6487_ARCHIVE_LOCATION">f:/_SRTP/myIPs/ov2</xilinx:tag>
        <xilinx:tag xilinx:name="ui.data.coregen.dd@5dc1dbf3_ARCHIVE_LOCATION">f:/_SRTP/myIPs/ov2</xilinx:tag>
        <xilinx:tag xilinx:name="ui.data.coregen.dd@708131d6_ARCHIVE_LOCATION">f:/_SRTP/myIPs/ov2</xilinx:tag>
        <xilinx:tag xilinx:name="ui.data.coregen.dd@64d4b472_ARCHIVE_LOCATION">f:/_SRTP/myIPs/ov2</xilinx:tag>
        <xilinx:tag xilinx:name="ui.data.coregen.dd@6f5a08f5_ARCHIVE_LOCATION">f:/_SRTP/myIPs/ov2</xilinx:tag>
        <xilinx:tag xilinx:name="ui.data.coregen.dd@50ed8044_ARCHIVE_LOCATION">f:/_SRTP/myIPs/ov2</xilinx:tag>
        <xilinx:tag xilinx:name="ui.data.coregen.dd@1471cd5f_ARCHIVE_LOCATION">f:/_SRTP/myIPs/ov2</xilinx:tag>
        <xilinx:tag xilinx:name="ui.data.coregen.dd@373a88ef_ARCHIVE_LOCATION">f:/_SRTP/myIPs/ov2</xilinx:tag>
        <xilinx:tag xilinx:name="ui.data.coregen.dd@6fa27660_ARCHIVE_LOCATION">f:/_SRTP/myIPs/ov2</xilinx:tag>
        <xilinx:tag xilinx:name="ui.data.coregen.dd@5882d2e_ARCHIVE_LOCATION">f:/_SRTP/myIPs/ov2</xilinx:tag>
        <xilinx:tag xilinx:name="ui.data.coregen.dd@31229a99_ARCHIVE_LOCATION">f:/_SRTP/myIPs/ov2</xilinx:tag>
        <xilinx:tag xilinx:name="ui.data.coregen.dd@5a10ff50_ARCHIVE_LOCATION">f:/_SRTP/myIPs/ov2</xilinx:tag>
        <xilinx:tag xilinx:name="ui.data.coregen.dd@3e910a5d_ARCHIVE_LOCATION">f:/_SRTP/myIPs/ov2</xilinx:tag>
        <xilinx:tag xilinx:name="ui.data.coregen.dd@56ec46_ARCHIVE_LOCATION">f:/_SRTP/myIPs/ov2</xilinx:tag>
        <xilinx:tag xilinx:name="ui.data.coregen.dd@2af1401f_ARCHIVE_LOCATION">f:/_SRTP/myIPs/ov2</xilinx:tag>
        <xilinx:tag xilinx:name="ui.data.coregen.dd@1ed450c_ARCHIVE_LOCATION">f:/_SRTP/myIPs/ov2</xilinx:tag>
        <xilinx:tag xilinx:name="ui.data.coregen.dd@6c47de5a_ARCHIVE_LOCATION">f:/_SRTP/myIPs/ov2</xilinx:tag>
        <xilinx:tag xilinx:name="ui.data.coregen.dd@7c91e8d9_ARCHIVE_LOCATION">f:/_SRTP/myIPs/ov2</xilinx:tag>
        <xilinx:tag xilinx:name="ui.data.coregen.dd@55abbf9_ARCHIVE_LOCATION">f:/_SRTP/myIPs/ov2</xilinx:tag>
        <xilinx:tag xilinx:name="ui.data.coregen.dd@49481d3f_ARCHIVE_LOCATION">f:/_SRTP/myIPs/ov2</xilinx:tag>
        <xilinx:tag xilinx:name="ui.data.coregen.dd@547f2a10_ARCHIVE_LOCATION">f:/_SRTP/myIPs/ov2</xilinx:tag>
        <xilinx:tag xilinx:name="ui.data.coregen.dd@45c2f329_ARCHIVE_LOCATION">f:/_SRTP/myIPs/ov2</xilinx:tag>
        <xilinx:tag xilinx:name="ui.data.coregen.dd@4ae2c950_ARCHIVE_LOCATION">f:/_SRTP/myIPs/ov2</xilinx:tag>
        <xilinx:tag xilinx:name="ui.data.coregen.dd@1af50cb_ARCHIVE_LOCATION">f:/_SRTP/myIPs/ov2</xilinx:tag>
        <xilinx:tag xilinx:name="ui.data.coregen.dd@26509038_ARCHIVE_LOCATION">f:/_SRTP/myIPs/ov2</xilinx:tag>
        <xilinx:tag xilinx:name="ui.data.coregen.dd@5c22f087_ARCHIVE_LOCATION">f:/_SRTP/myIPs/ov2</xilinx:tag>
        <xilinx:tag xilinx:name="ui.data.coregen.dd@4e14ca43_ARCHIVE_LOCATION">f:/_SRTP/myIPs/ov2</xilinx:tag>
        <xilinx:tag xilinx:name="ui.data.coregen.dd@4a121d25_ARCHIVE_LOCATION">f:/_SRTP/myIPs/ov2</xilinx:tag>
        <xilinx:tag xilinx:name="ui.data.coregen.dd@7de745e7_ARCHIVE_LOCATION">f:/_SRTP/myIPs/ov2</xilinx:tag>
        <xilinx:tag xilinx:name="ui.data.coregen.dd@29d226fb_ARCHIVE_LOCATION">f:/_SRTP/myIPs/ov2</xilinx:tag>
        <xilinx:tag xilinx:name="ui.data.coregen.dd@3be7b2ff_ARCHIVE_LOCATION">f:/_SRTP/myIPs/ov2</xilinx:tag>
        <xilinx:tag xilinx:name="ui.data.coregen.dd@53ff6c80_ARCHIVE_LOCATION">f:/_SRTP/myIPs/ov2</xilinx:tag>
        <xilinx:tag xilinx:name="ui.data.coregen.dd@454c223a_ARCHIVE_LOCATION">f:/_SRTP/myIPs/ov2</xilinx:tag>
        <xilinx:tag xilinx:name="ui.data.coregen.dd@823e041_ARCHIVE_LOCATION">f:/_SRTP/myIPs/ov2</xilinx:tag>
        <xilinx:tag xilinx:name="ui.data.coregen.dd@5bd9661c_ARCHIVE_LOCATION">f:/_SRTP/myIPs/ov2</xilinx:tag>
        <xilinx:tag xilinx:name="ui.data.coregen.dd@24a5359d_ARCHIVE_LOCATION">f:/_SRTP/myIPs/ov2</xilinx:tag>
      </xilinx:tags>
    </xilinx:coreExtensions>
    <xilinx:packagingInfo>
      <xilinx:xilinxVersion>2018.3</xilinx:xilinxVersion>
      <xilinx:checksum xilinx:scope="busInterfaces" xilinx:value="dd51bebe"/>
      <xilinx:checksum xilinx:scope="fileGroups" xilinx:value="c01bcc49"/>
      <xilinx:checksum xilinx:scope="ports" xilinx:value="4737460a"/>
      <xilinx:checksum xilinx:scope="hdlParameters" xilinx:value="4b4f07e8"/>
      <xilinx:checksum xilinx:scope="parameters" xilinx:value="ac0268fc"/>
    </xilinx:packagingInfo>
  </spirit:vendorExtensions>
</spirit:component>
